Entropia,no_zero_crossings,no_mean_crossings,n5,n25,n75,n95,median,mean,std,var,rms,min_STFT,P_max,F_max,Media,Varianza,max_STFT,Energia,labels
8.328077318247868,2376.0,2377.0,-0.021605515623328766,-0.010952662070805416,0.010923701633966745,0.022074091575149148,0.0,1.069409388619735e-06,0.013999688730019777,0.00019599128453744275,0.011467099038032558,4.736850997428511e-11,0.009005247753922122,47.265625,0.0002830648482466983,4.538342368484407e-07,0.009005247753922122,0.0007371624786348867,1
8.328077318247868,1501.0,1501.0,-0.017621864369509653,-0.007868854271351125,0.007006700114135957,0.020165113196106067,-4.0245941330338e-05,-1.4314307754566269e-06,0.011927234173344436,0.00014225891502579535,0.009054201042783734,1.9433909234471691e-13,0.003849854855256236,47.265625,0.00034239088155785984,2.715437087388309e-07,0.003849854855256236,0.0001144120162857167,1
8.328077318247868,1919.0,1919.0,-0.0029152880016939525,-0.0012776148670252917,0.0011898276177117802,0.0032135657745502597,0.0,-1.0604526752122144e-07,0.0019341615935916825,3.740981070125117e-06,0.0014817238924054496,9.707481841210886e-12,0.0007703893645423422,47.65625,5.7811955073133474e-05,6.93138452990133e-09,0.0007703893645423422,5.390501470881704e-06,1
7.998265828981933,1917.0,1917.0,-0.010792440598061179,-0.004107382983969385,0.004060884445719414,0.010887137747231584,0.0,-2.2107690102312956e-07,0.006511054741363094,4.2393833845026825e-05,0.004908192527069906,0.0,0.0031712856470527445,32.8125,0.00015758962662899668,9.443721993714288e-08,0.0031712856470527445,8.723014565252008e-05,1
7.998265828981933,1476.0,1476.0,-0.009991081621171021,-0.004116137947201,0.00398883754927031,0.010398823214456183,0.0,-1.5928886491914888e-06,0.006213975089900379,3.861348641790242e-05,0.004732385288182426,0.0,0.0032982359894718257,32.8125,0.00015824065062260414,8.410740817249765e-08,0.0032982359894718257,8.158853108888223e-05,1
7.998265828981933,2520.0,2522.0,-0.0019153501588838548,-0.0006623552965303574,0.0006630498397981557,0.001953833488758593,0.0,-3.989436768802365e-07,0.0011729658424790947,1.3758488676226924e-06,0.0008578491099555435,0.0,0.0006250482905391301,58.59375,3.2750943664383183e-05,2.7285038062817794e-09,0.0006250482905391301,4.2434355807340466e-07,1
6.095829363431726,922.0,921.0,-0.006708023096585601,-0.0013700646017059939,0.0012609293953426029,0.006842154921459034,0.0,1.4547940580924624e-07,0.00887277232209337,7.872608867970617e-05,0.003279159716109099,0.0,0.008216886725035405,19.53125,0.0001517328668236018,2.353930882297711e-07,0.008216886725035405,0.0006762973028039181,1
6.095829363431726,1641.0,1641.0,-0.008521206471940195,-0.0016062715203575854,0.0015107694791838392,0.008511405285980838,0.0,-6.788117856735619e-08,0.008338758204192763,6.95348883879921e-05,0.0036209222580543326,0.0,0.006295804611565455,41.40625,0.0001507382578147495,1.9846814047461205e-07,0.006295804611565455,0.0003378236941515957,1
6.095829363431726,1936.0,1936.0,-0.0017219445556568812,-0.00035695224666430856,0.0003278215363413231,0.0017734385625842392,0.0,-3.1481704245724975e-07,0.0013994993232834382,1.958598355870802e-06,0.0007027211435975872,0.0,0.0009676221152816655,59.375,3.092331660520251e-05,5.112546228448672e-09,0.0009676221152816655,1.5007056272546897e-06,1
6.095829363431726,922.0,921.0,-0.006708023096585601,-0.0013700646017059939,0.0012609293953426029,0.006842154921459034,0.0,1.4547940580924624e-07,0.00887277232209337,7.872608867970617e-05,0.003279159716109099,0.0,0.008216886725035405,19.53125,0.0001517328668236018,2.353930882297711e-07,0.008216886725035405,0.0006762973028039181,1
6.095829363431726,1641.0,1641.0,-0.008521206471940195,-0.0016062715203575854,0.0015107694791838392,0.008511405285980838,0.0,-6.788117856735619e-08,0.008338758204192763,6.95348883879921e-05,0.0036209222580543326,0.0,0.006295804611565455,41.40625,0.0001507382578147495,1.9846814047461205e-07,0.006295804611565455,0.0003378236941515957,1
6.095829363431726,1936.0,1936.0,-0.0017219445556568812,-0.00035695224666430856,0.0003278215363413231,0.0017734385625842392,0.0,-3.1481704245724975e-07,0.0013994993232834382,1.958598355870802e-06,0.0007027211435975872,0.0,0.0009676221152816655,59.375,3.092331660520251e-05,5.112546228448672e-09,0.0009676221152816655,1.5007056272546897e-06,1
4.432369648420325,724.0,724.0,-0.008571696901226987,0.0,0.0,0.009232335273293752,0.0,-7.920811872026586e-06,0.00514356759843116,2.6456287639630886e-05,0.002745309886335101,0.0,0.0039685987114954175,33.203125,8.853005640300361e-05,6.539707813847909e-08,0.0039685987114954175,2.7999771841106088e-05,1
4.432369648420325,929.0,929.0,-0.007798532572350183,0.0,0.0,0.007856876268714477,0.0,-2.85532020232726e-07,0.004537548205978995,2.0589343721583194e-05,0.002452281897105319,0.0,0.00395258251523899,33.203125,7.636960646707674e-05,5.118525600294405e-08,0.00395258251523899,4.1308857151230254e-05,1
4.432369648420325,1328.0,1330.0,-0.0010691115970896125,0.0,0.0,0.001061299994786468,0.0,-7.601501518525292e-07,0.0006664487923179883,4.441539927821051e-07,0.0003331096350825084,0.0,0.0005093744510254637,58.203125,1.4174218314523594e-05,1.0323557081958213e-09,0.0005093744510254637,9.101981951432839e-07,1
8.328077318247868,1244.0,1244.0,-0.010579297608166787,-0.004596576487052449,0.00397647487984905,0.013052683027169134,-8.090243947277714e-05,-1.3416834347677465e-06,0.009181485631331681,8.429967839835012e-05,0.0057532635094267575,1.311018033183675e-11,0.005597158521338953,19.140625,0.00020572242857334148,1.6788577634070617e-07,0.005597158521338953,8.42010961016276e-05,1
8.328077318247868,1949.0,1949.0,-0.009835946997525803,-0.0036050395575533394,0.0035939049405577625,0.009880721796991704,0.0,-8.626640564566634e-08,0.007077933891631753,5.009714817430941e-05,0.004761456221171815,1.0551584559218474e-12,0.0033506504873203917,40.234375,0.0001691550664542885,1.0124022876515009e-07,0.0033506504873203917,3.1932788765849956e-05,1
8.328077318247868,2657.0,2657.0,-0.001482281721549461,-0.0005407744617606655,0.0005181714691013402,0.0015623107287474503,0.0,-3.567150997636852e-07,0.0010736675935481548,1.1527621014354857e-06,0.0007174476724388406,2.102260275989266e-11,0.0006059733040832469,52.34375,2.9039775851754063e-05,2.1387868264025137e-09,0.0006059733040832469,1.3744830265546194e-06,1
5.688291507470344,991.0,991.0,-0.01166942050975589,-0.002175911966998298,0.0016899252646183074,0.01186972276507413,0.0,-9.923196828596861e-06,0.0076097304264460194,5.7907997163178316e-05,0.0042900093218794415,0.0,0.00519429693554123,32.03125,0.0001474628850812632,1.3279740306070182e-07,0.00519429693554123,7.536384055061635e-05,1
5.688291507470344,1249.0,1249.0,-0.011300572247999931,-0.0019147412506506883,0.0019051795092244238,0.011431049160771286,0.0,-3.570794640690526e-07,0.0075471108054584405,5.695888150986755e-05,0.004251160542190273,0.0,0.004770856052340035,44.53125,0.00013629527290475197,1.3383152311017548e-07,0.004770856052340035,9.528964468005884e-05,1
5.688291507470344,1710.0,1712.0,-0.0013507968801587267,-0.0002597453308745633,0.000221739732061834,0.0013662351932596005,0.0,-8.886831496573575e-07,0.0008648032387554694,7.478846417619494e-07,0.0005039087486735474,0.0,0.000531382218050668,60.546875,2.1249527872967708e-05,1.6443439689357631e-09,0.000531382218050668,1.1161711349260877e-06,1
4.855961535418941,1166.0,1167.0,-0.00937148526630337,-0.0005468576475690024,0.0004904024388117693,0.009668655915734153,0.0,7.612946857359256e-07,0.005216265640237143,2.7209427229518615e-05,0.003045207917355703,0.0,0.0037561899941938254,37.890625,9.983846185346838e-05,6.688686324738188e-08,0.0037561899941938254,5.507998843096256e-05,1
4.855961535418941,753.0,753.0,-0.008649716446848959,-0.0006601251200524002,8.501349890484411e-05,0.008876028350510412,0.0,-2.1417985663775834e-05,0.004966184151908142,2.4662985030663585e-05,0.0028766077893582842,0.0,0.0027215094965582997,37.890625,0.00010492614611150814,5.80510477752752e-08,0.0027215094965582997,2.0029175782965757e-05,1
4.855961535418941,1397.0,1401.0,-0.0016103350208861644,-8.79445255492763e-05,5.562030334171924e-05,0.001639850320547202,0.0,-3.3688823502373896e-06,0.0009240621878871643,8.538909270828128e-07,0.0005262186502712698,0.0,0.00041039119482292897,57.8125,2.177099802958223e-05,1.934510854955892e-09,0.00041039119482292897,7.921702291001376e-07,1
3.136960016327391,738.0,737.0,-0.007186430114654427,0.0,0.0,0.0073431039258298495,0.0,1.2866750787140104e-07,0.004043805277717097,1.6352361124092647e-05,0.001884497714550532,0.0,0.0036386200199785205,35.9375,6.18140662566864e-05,4.1593971350839216e-08,0.0036386200199785205,2.9978510370621734e-05,1
3.136960016327391,519.0,520.0,-0.006861983014773846,0.0,0.0,0.007172969112929414,0.0,8.903923114345481e-06,0.0038931729601566632,1.5156795697694994e-05,0.0018115878482196672,0.0,0.0030347474749749226,35.9375,6.561770620354286e-05,3.712495688826718e-08,0.0030347474749749226,1.8567097470078744e-05,1
3.136960016327391,865.0,866.0,-0.0011884291309322097,0.0,0.0,0.0012317991740405836,0.0,1.2142950853352347e-06,0.0006789825950018464,4.610173643154413e-07,0.00031381800188884666,0.0,0.0003858952770113505,57.03125,1.2989055675501412e-05,1.151442027759167e-09,0.0003858952770113505,1.0969602783633544e-06,1
5.688291507470344,1509.0,1509.0,-0.010820510828232825,-0.0017859177350391766,0.0017233773572658242,0.01079108860585428,0.0,-6.103417019103786e-07,0.007044528050201838,4.9625375450080503e-05,0.00397166910713868,0.0,0.004044690057484699,41.015625,0.00015558484691461223,1.0934269375880877e-07,0.004044690057484699,1.6418191641727086e-05,1
5.688291507470344,1072.0,1073.0,-0.008110196753743481,-0.0012809852360940095,0.0011325762139509361,0.00811259677379296,0.0,2.8993597536277346e-06,0.0063841252474043896,4.075705517454616e-05,0.003178939787218884,0.0,0.003933354900621548,18.75,0.00013664429601228703,8.733557644832173e-08,0.003933354900621548,5.639360353210738e-05,1
5.688291507470345,1884.0,1885.0,-0.002442495080013484,-0.0003871297718434598,0.0003820517676356488,0.0024262758134183486,0.0,7.179731726774471e-07,0.0015563480707419038,2.422219317302046e-06,0.0008923880023452805,0.0,0.0011430262179223454,61.328125,3.515578119633516e-05,5.373315107649717e-09,0.0011430262179223454,5.30090856779171e-06,1
6.095829363431726,1639.0,1639.0,-0.013593401142543907,-0.002971045241313513,0.002865729885898013,0.013438551151316026,0.0,-5.145652885750463e-07,0.00953777595456871,9.096917015954909e-05,0.0053604054821502715,0.0,0.005127327095626158,31.25,0.00017858153439936613,1.9919776940779934e-07,0.005127327095626158,2.6421366934455097e-05,1
6.095829363431726,1054.0,1053.0,-0.010275970521146083,-0.0024985097836094645,0.001884791986550955,0.01107734385420067,0.0,1.891064671390403e-06,0.009615409848492896,9.245610655449416e-05,0.00459959304696658,0.0,0.0065638829011451984,27.34375,0.0001762539101124049,1.96128811440726e-07,0.0065638829011451984,4.863968173012849e-05,1
6.095829363431726,1894.0,1893.0,-0.0027575157460650495,-0.0005900928223812301,0.0005950950109728316,0.002745114418306906,0.0,3.961210653781148e-07,0.001577162841346117,2.4874426281229567e-06,0.001007509391770989,0.0,0.00123198290374316,55.859375,3.2037091885268246e-05,5.744890309935303e-09,0.00123198290374316,3.4759779424795795e-06,1
8.589699882202984,2142.0,2142.0,-0.008724411431162336,-0.0038274749662672667,0.003748685241287372,0.008752573953429734,1.875107650158535e-05,-5.480155593897949e-07,0.005860176761021882,3.434167167042091e-05,0.0044699321899829185,1.0501949353289901e-11,0.0026203642461882365,33.984375,0.0001448924417000785,7.104935218017354e-08,0.0026203642461882365,1.0208035765588207e-05,1
8.589699882202984,1686.0,1686.0,-0.007665486582667809,-0.003467849713945977,0.0033911953511051598,0.008307399501357777,-0.00018616938391540278,1.6453776046905468e-07,0.0055813727620005315,3.1151721908401446e-05,0.004125229375539723,2.0555574996587896e-13,0.002788721508152602,16.796875,0.00013931187312696654,6.350211156806067e-08,0.002788721508152602,3.4924049156976076e-05,1
8.589699882202984,2875.0,2875.0,-0.0015861042718003278,-0.000596832765311123,0.0005993938012171841,0.0015809257841324514,2.955721488328659e-06,-2.0295520024342432e-07,0.0011340060740221054,1.2859697759190286e-06,0.0007901877969010591,7.747330890288699e-12,0.0007207780444520053,59.765625,3.0290018256149423e-05,2.517483273163687e-09,0.0007207780444520053,1.30769224664693e-06,1
8.589699882202984,2142.0,2142.0,-0.008724411431162336,-0.0038274749662672667,0.003748685241287372,0.008752573953429734,1.875107650158535e-05,-5.480155593897949e-07,0.005860176761021882,3.434167167042091e-05,0.0044699321899829185,1.0501949353289901e-11,0.0026203642461882365,33.984375,0.0001448924417000785,7.104935218017354e-08,0.0026203642461882365,1.0208035765588207e-05,1
8.589699882202984,1686.0,1686.0,-0.007665486582667809,-0.003467849713945977,0.0033911953511051598,0.008307399501357777,-0.00018616938391540278,1.6453776046905468e-07,0.0055813727620005315,3.1151721908401446e-05,0.004125229375539723,2.0555574996587896e-13,0.002788721508152602,16.796875,0.00013931187312696654,6.350211156806067e-08,0.002788721508152602,3.4924049156976076e-05,1
8.589699882202984,2875.0,2875.0,-0.0015861042718003278,-0.000596832765311123,0.0005993938012171841,0.0015809257841324514,2.955721488328659e-06,-2.0295520024342432e-07,0.0011340060740221054,1.2859697759190286e-06,0.0007901877969010591,7.747330890288699e-12,0.0007207780444520053,59.765625,3.0290018256149423e-05,2.517483273163687e-09,0.0007207780444520053,1.30769224664693e-06,1
8.589699882202984,2142.0,2142.0,-0.008724411431162336,-0.0038274749662672667,0.003748685241287372,0.008752573953429734,1.875107650158535e-05,-5.480155593897949e-07,0.005860176761021882,3.434167167042091e-05,0.0044699321899829185,1.0501949353289901e-11,0.0026203642461882365,33.984375,0.0001448924417000785,7.104935218017354e-08,0.0026203642461882365,1.0208035765588207e-05,1
8.589699882202984,1686.0,1686.0,-0.007665486582667809,-0.003467849713945977,0.0033911953511051598,0.008307399501357777,-0.00018616938391540278,1.6453776046905468e-07,0.0055813727620005315,3.1151721908401446e-05,0.004125229375539723,2.0555574996587896e-13,0.002788721508152602,16.796875,0.00013931187312696654,6.350211156806067e-08,0.002788721508152602,3.4924049156976076e-05,1
8.589699882202984,2875.0,2875.0,-0.0015861042718003278,-0.000596832765311123,0.0005993938012171841,0.0015809257841324514,2.955721488328659e-06,-2.0295520024342432e-07,0.0011340060740221054,1.2859697759190286e-06,0.0007901877969010591,7.747330890288699e-12,0.0007207780444520053,59.765625,3.0290018256149423e-05,2.517483273163687e-09,0.0007207780444520053,1.30769224664693e-06,1
8.589699882202984,2142.0,2142.0,-0.008724411431162336,-0.0038274749662672667,0.003748685241287372,0.008752573953429734,1.875107650158535e-05,-5.480155593897949e-07,0.005860176761021882,3.434167167042091e-05,0.0044699321899829185,1.0501949353289901e-11,0.0026203642461882365,33.984375,0.0001448924417000785,7.104935218017354e-08,0.0026203642461882365,1.0208035765588207e-05,1
8.589699882202984,1686.0,1686.0,-0.007665486582667809,-0.003467849713945977,0.0033911953511051598,0.008307399501357777,-0.00018616938391540278,1.6453776046905468e-07,0.0055813727620005315,3.1151721908401446e-05,0.004125229375539723,2.0555574996587896e-13,0.002788721508152602,16.796875,0.00013931187312696654,6.350211156806067e-08,0.002788721508152602,3.4924049156976076e-05,1
8.589699882202984,2875.0,2875.0,-0.0015861042718003278,-0.000596832765311123,0.0005993938012171841,0.0015809257841324514,2.955721488328659e-06,-2.0295520024342432e-07,0.0011340060740221054,1.2859697759190286e-06,0.0007901877969010591,7.747330890288699e-12,0.0007207780444520053,59.765625,3.0290018256149423e-05,2.517483273163687e-09,0.0007207780444520053,1.30769224664693e-06,1
6.889253455593964,1242.0,1245.0,-0.019081367340284875,-0.0065909573832860415,0.0060668808869190315,0.020602898066945232,0.0,6.728749063760199e-06,0.013151991998608168,0.00017297489353145328,0.008592776793597297,0.0,0.008282904974212961,33.984375,0.0002833565822287359,3.909477124340194e-07,0.008282904974212961,0.0002529773555275593,1
6.889253455593964,1439.0,1439.0,-0.01797734372753,-0.00648546447723827,0.006539243470803215,0.017973684648492257,0.0,-5.258646402205118e-07,0.01154325070154582,0.00013324663675873805,0.007977514974516684,0.0,0.008715580887156946,33.984375,0.000217920955427362,3.1798988570552636e-07,0.008715580887156946,0.0003642049136502815,1
6.889253455593964,2016.0,2017.0,-0.0017025560682091471,-0.00046593519363873374,0.00044907637780706934,0.0017593368365887247,0.0,5.215365235887271e-07,0.0011998060697341307,1.4395346049708614e-06,0.000721755291061566,0.0,0.0005997264589167568,59.765625,3.25727488898645e-05,2.8579407236883463e-09,0.0005997264589167568,1.1636784110384455e-06,1
6.889253455593964,1242.0,1245.0,-0.019081367340284875,-0.0065909573832860415,0.0060668808869190315,0.020602898066945232,0.0,6.728749063760199e-06,0.013151991998608168,0.00017297489353145328,0.008592776793597297,0.0,0.008282904974212961,33.984375,0.0002833565822287359,3.909477124340194e-07,0.008282904974212961,0.0002529773555275593,1
6.889253455593964,1439.0,1439.0,-0.01797734372753,-0.00648546447723827,0.006539243470803215,0.017973684648492257,0.0,-5.258646402205118e-07,0.01154325070154582,0.00013324663675873805,0.007977514974516684,0.0,0.008715580887156946,33.984375,0.000217920955427362,3.1798988570552636e-07,0.008715580887156946,0.0003642049136502815,1
6.889253455593964,2016.0,2017.0,-0.0017025560682091471,-0.00046593519363873374,0.00044907637780706934,0.0017593368365887247,0.0,5.215365235887271e-07,0.0011998060697341307,1.4395346049708614e-06,0.000721755291061566,0.0,0.0005997264589167568,59.765625,3.25727488898645e-05,2.8579407236883463e-09,0.0005997264589167568,1.1636784110384455e-06,1
6.889253455593964,1242.0,1245.0,-0.019081367340284875,-0.0065909573832860415,0.0060668808869190315,0.020602898066945232,0.0,6.728749063760199e-06,0.013151991998608168,0.00017297489353145328,0.008592776793597297,0.0,0.008282904974212961,33.984375,0.0002833565822287359,3.909477124340194e-07,0.008282904974212961,0.0002529773555275593,1
6.889253455593964,1439.0,1439.0,-0.01797734372753,-0.00648546447723827,0.006539243470803215,0.017973684648492257,0.0,-5.258646402205118e-07,0.01154325070154582,0.00013324663675873805,0.007977514974516684,0.0,0.008715580887156946,33.984375,0.000217920955427362,3.1798988570552636e-07,0.008715580887156946,0.0003642049136502815,1
6.889253455593964,2016.0,2017.0,-0.0017025560682091471,-0.00046593519363873374,0.00044907637780706934,0.0017593368365887247,0.0,5.215365235887271e-07,0.0011998060697341307,1.4395346049708614e-06,0.000721755291061566,0.0,0.0005997264589167568,59.765625,3.25727488898645e-05,2.8579407236883463e-09,0.0005997264589167568,1.1636784110384455e-06,1
6.889253455593964,1242.0,1245.0,-0.019081367340284875,-0.0065909573832860415,0.0060668808869190315,0.020602898066945232,0.0,6.728749063760199e-06,0.013151991998608168,0.00017297489353145328,0.008592776793597297,0.0,0.008282904974212961,33.984375,0.0002833565822287359,3.909477124340194e-07,0.008282904974212961,0.0002529773555275593,1
6.889253455593964,1439.0,1439.0,-0.01797734372753,-0.00648546447723827,0.006539243470803215,0.017973684648492257,0.0,-5.258646402205118e-07,0.01154325070154582,0.00013324663675873805,0.007977514974516684,0.0,0.008715580887156946,33.984375,0.000217920955427362,3.1798988570552636e-07,0.008715580887156946,0.0003642049136502815,1
6.889253455593964,2016.0,2017.0,-0.0017025560682091471,-0.00046593519363873374,0.00044907637780706934,0.0017593368365887247,0.0,5.215365235887271e-07,0.0011998060697341307,1.4395346049708614e-06,0.000721755291061566,0.0,0.0005997264589167568,59.765625,3.25727488898645e-05,2.8579407236883463e-09,0.0005997264589167568,1.1636784110384455e-06,1
6.889253455593964,1242.0,1245.0,-0.019081367340284875,-0.0065909573832860415,0.0060668808869190315,0.020602898066945232,0.0,6.728749063760199e-06,0.013151991998608168,0.00017297489353145328,0.008592776793597297,0.0,0.008282904974212961,33.984375,0.0002833565822287359,3.909477124340194e-07,0.008282904974212961,0.0002529773555275593,1
6.889253455593964,1439.0,1439.0,-0.01797734372753,-0.00648546447723827,0.006539243470803215,0.017973684648492257,0.0,-5.258646402205118e-07,0.01154325070154582,0.00013324663675873805,0.007977514974516684,0.0,0.008715580887156946,33.984375,0.000217920955427362,3.1798988570552636e-07,0.008715580887156946,0.0003642049136502815,1
6.889253455593964,2016.0,2017.0,-0.0017025560682091471,-0.00046593519363873374,0.00044907637780706934,0.0017593368365887247,0.0,5.215365235887271e-07,0.0011998060697341307,1.4395346049708614e-06,0.000721755291061566,0.0,0.0005997264589167568,59.765625,3.25727488898645e-05,2.8579407236883463e-09,0.0005997264589167568,1.1636784110384455e-06,1
5.688291507470345,1010.0,1011.0,-0.022633292714822034,-0.004535474596253349,0.00467914398510924,0.025514944534907092,0.0,1.5022595016900261e-05,0.014906603051459258,0.00022220681453377446,0.008904839470562632,0.0,0.008198885305660382,34.375,0.0003327158354228482,4.994892180574433e-07,0.008198885305660382,0.0001868192506698715,1
5.688291507470344,1183.0,1183.0,-0.02126461279882465,-0.004797308691777417,0.004541253239995656,0.021658541038874782,0.0,-6.361143328244815e-07,0.012915000103756128,0.0001667972276800208,0.008252775781918874,0.0,0.008947227767685056,34.375,0.0002423956988831822,3.9874437846460327e-07,0.008947227767685056,0.00018609165541697624,1
5.688291507470345,1504.0,1505.0,-0.0016352942465033891,-0.00024453954996873266,0.0003047980598772823,0.0017357140284618607,0.0,1.030798440748585e-06,0.0012466763915404966,1.5542020252244338e-06,0.0006533061903355286,0.0,0.00044772214266896617,51.953125,3.449437109557399e-05,3.0117704304149435e-09,0.00044772214266896617,6.92881267353483e-07,1
4.078633754005253,3638.0,3638.0,-0.020314973948136795,0.0,0.0,0.020044249483215627,0.0,-6.440545077294308e-07,0.010715653192803041,0.00011482522334843,0.005314837503846592,0.0,0.01003130759368158,35.15625,0.00015892341416941382,3.0739097010904234e-07,0.01003130759368158,0.00039030150115862454,2
4.078633754005253,3963.0,3963.0,-0.02020792892767724,0.0,0.0,0.020287991027893814,0.0,-2.50414776402371e-07,0.010250436385160246,0.00010507144608621705,0.005325297190047259,0.0,0.01147366066530201,35.15625,0.0001181004868327315,2.911896425934926e-07,0.01147366066530201,0.000719309249046571,2
4.078633754005253,4694.0,4694.0,-0.0013197329777370652,0.0,0.0,0.001333873678240331,0.0,-5.3577509051213204e-08,0.0007689046592551557,5.912143750242872e-07,0.000362087477744558,0.0,0.0003750025993293273,8.59375,1.706990313446668e-05,1.4315667912385212e-09,0.0003750025993293273,2.2850570001053134e-07,2
7.510200982732775,3483.0,3482.0,-0.1408777763384821,-0.012838067849844275,0.013605487566931466,0.15403070194629845,0.0,6.919158079343922e-07,0.08919731566833479,0.007956161122436562,0.046622543294662686,0.0,0.07038978827640326,11.71875,0.001785329773045154,1.9924166750083533e-05,0.07038978827640326,0.0059320584919903534,2
7.510200982732775,7766.0,7767.0,-0.060005709588863865,-0.007252235408726696,0.0070199222951037475,0.0610306990226551,0.0,5.14381358650114e-07,0.03903957116653841,0.0015240881168672171,0.01988698769570565,0.0,0.03275897422050719,32.03125,0.0008844073680892601,3.6155434333394906e-06,0.03275897422050719,0.0026444689012019057,2
7.510200982732775,10535.0,10534.0,-0.009664216491865451,-0.0009486213081047895,0.0009447841867198958,0.009602952097484048,0.0,1.501438912586768e-10,0.0062354660497013735,3.888103685697846e-05,0.0031127996807220125,0.0,0.005350836213034293,48.046875,0.0001411668337670689,9.296084566335103e-08,0.005350836213034293,0.00018542832255310295,2
10.33230817310507,8653.0,8653.0,-0.021721537077142288,-0.009834151690641493,0.009304107409878444,0.02386950948380099,-0.0003378671605783687,7.148521767853449e-07,0.02034674885484513,0.0004139901889621416,0.012352928471624287,1.3239516633619525e-13,0.014925076573084629,3.515625,0.0004467404714107451,9.603976336320934e-07,0.014925076573084629,0.0013307895152268718,2
10.251576382348443,10368.0,10368.0,-0.01658168856456024,-0.008293003896812416,0.008255433360312836,0.01675285851286434,1.1650571966805861e-05,-8.895893425422657e-07,0.012443601732989,0.00015484322408924683,0.009237377844234111,1.4541645052137215e-11,0.0067987480953583465,32.421875,0.00027929459451218284,3.5785304486435654e-07,0.0067987480953583465,0.0001681099476633505,2
10.33167639833112,15898.0,15898.0,-0.0017981318585870002,-0.0006878947670490838,0.0006753679015105052,0.0018123460848021731,4.896059697244146e-09,4.27598369794392e-09,0.001501408519395519,2.2542275421134445e-06,0.0009221795790408778,2.3496445544226034e-12,0.0010226398629971651,50.0,4.145489405938882e-05,4.631160256138067e-09,0.0010226398629971651,5.295373738812893e-06,2
5.157867114047494,4372.0,4372.0,-0.02423072344079287,0.0,0.0,0.02480298993977764,0.0,-3.600255140136534e-07,0.01357856090831509,0.0001843773163408227,0.007543142252652099,0.0,0.011889958727053914,32.03125,0.00021924719230184743,4.925089768133425e-07,0.011889958727053914,0.0008577767235464719,2
5.157867114047494,4691.0,4691.0,-0.02077242481820824,0.0,0.0,0.02060984411178293,0.0,-2.985805125377607e-07,0.011113655348164289,0.0001235133351977807,0.006400257857300065,0.0,0.010793419628811056,32.03125,0.00015536964536032465,3.3483683316519546e-07,0.010793419628811056,0.000719189852257253,2
5.157867114047494,6908.0,6907.0,-0.0014606362143212367,0.0,0.0,0.0014996488239474414,0.0,6.539931140047419e-08,0.0009151106841228925,8.374275641958682e-07,0.0004561871544803018,0.0,0.0006875472809987565,56.640625,2.1552970305289963e-05,2.045443839636537e-09,0.0006875472809987565,4.557973014707115e-06,2
4.530390571657453,5936.0,5937.0,-0.018907808715785727,0.0,0.0,0.018960560882883105,0.0,9.37868197695316e-08,0.009830556563358569,9.663984234539224e-05,0.005287246488529999,0.0,0.010369750400877523,48.4375,0.00013227784069811332,2.614387473195061e-07,0.010369750400877523,0.0018396433661994126,2
4.530390571657453,3569.0,3569.0,-0.014300532535890352,0.0,0.0,0.015271129408077967,0.0,-2.874006034951983e-06,0.008279957209047834,6.855769138366319e-05,0.004178507910774036,0.0,0.004624492902967086,12.5,0.000163269708113314,1.710443658546062e-07,0.004624492902967086,0.000481417588259686,2
4.530390571657453,4491.0,4493.0,-0.002601985379299623,0.0,0.0,0.002705567858345579,0.0,-5.845840919790309e-07,0.0014610887658653721,2.1347803817379963e-06,0.0007426148817610448,0.0,0.0010196823780044728,48.4375,2.805454248958323e-05,5.381298146530261e-09,0.0010196823780044728,2.2193984687866753e-05,2
1.5024384412004559,1127.0,1129.0,-0.0015702095615424657,0.0,0.0,0.0015466097364295647,0.0,-4.024520566080187e-06,0.0036367119157258826,1.3225673557982621e-05,0.0006983700847339407,0.0,0.005952066218115052,5.859375,3.0367501305362794e-05,3.8603140043535287e-08,0.005952066218115052,0.00017240513182407863,2
1.502438441200456,1536.0,1535.0,-0.001556386486773151,0.0,0.0,0.0016509819490562977,0.0,7.929569312045609e-08,0.002618828487777677,6.8582626483959134e-06,0.0005918958316537058,0.0,0.0030991213131877807,37.5,2.2443802520692036e-05,1.912039330099108e-08,0.0030991213131877807,5.0278831964228604e-05,2
1.502438441200456,2133.0,2133.0,-0.00017275321638319342,0.0,0.0,0.00016511830885681828,0.0,-1.7510023191119346e-07,0.0003840383152857766,1.4748542760753757e-07,7.368630143237738e-05,0.0,0.00048331196038578316,49.21875,3.79832310487519e-06,4.275957692416272e-10,0.00048331196038578316,5.299862898094053e-07,2
4.078633754005253,3719.0,3718.0,-0.017118677580569786,0.0,0.0,0.017532230962939276,0.0,5.515178388946662e-07,0.013301482418935496,0.00017692943454125008,0.005124250504083685,0.0,0.021890490355583155,14.453125,0.00017920970613093695,4.7243104946240947e-07,0.021890490355583155,0.0007389667094248701,2
4.078633754005253,4496.0,4497.0,-0.021497570974158418,0.0,0.0,0.021751131788458434,0.0,1.0678005005889068e-07,0.012336308237475432,0.0001521845009300042,0.0059194922228186396,0.0,0.01466281607937968,39.453125,0.00013917539828733492,4.1910641155408846e-07,0.01466281607937968,0.00028746223612771785,2
4.078633754005253,4887.0,4886.0,-0.0016012890747871542,0.0,0.0,0.0016012733004724079,0.0,7.013013268456857e-08,0.0014109854572106398,1.990879960459918e-06,0.0005005654079075295,0.0,0.002538950964567674,60.546875,2.114267126498256e-05,5.22363847075911e-09,0.002538950964567674,1.2459280897370812e-05,2
2.7996479230104088,2770.0,2771.0,-0.019301582243679942,0.0,0.0,0.0191226338389265,0.0,1.0177164167740138e-07,0.009360994252735058,8.762821339973878e-05,0.004070344753935575,0.0,0.012795497537693339,35.9375,8.217547305890995e-05,2.4722246037571755e-07,0.012795497537693339,0.001228738619384173,2
2.7996479230104088,2640.0,2640.0,-0.016771828715377385,0.0,0.0,0.016496949345730053,0.0,-4.077879844147401e-06,0.008842652435539033,7.81925020957444e-05,0.0036919907453747164,0.0,0.010668857711332181,35.9375,0.00010248471187919138,2.159187902440586e-07,0.010668857711332181,0.0008071290928452465,2
2.7996479230104088,2955.0,2957.0,-0.0010773898483500246,0.0,0.0,0.0010908969250349439,0.0,-6.567878554156647e-07,0.0006521799282250644,4.253386587796502e-07,0.000258108660294321,0.0,0.0004294259598563877,52.734375,1.1668405801822911e-05,1.0994809709574136e-09,0.0004294259598563877,8.746534655117585e-07,2
4.710282689155368,4683.0,4684.0,-0.02354208681966236,0.0,0.0,0.023483247656973093,0.0,2.505017132276538e-08,0.012039552243421264,0.00014495081822206999,0.006807790628842494,0.0,0.012846250026438225,35.546875,0.00013584042208157832,4.012689856972231e-07,0.012846250026438225,0.0022790209642975694,2
4.710282689155368,4432.0,4431.0,-0.021722693379948955,0.0,0.0,0.022029273692285713,0.0,1.5089986698083498e-06,0.011605345279081159,0.00013468403904669135,0.00632667737424627,0.0,0.010984658449319038,35.546875,0.00017228000873146856,3.6064279593443235e-07,0.010984658449319038,0.0017894076204637594,2
4.710282689155368,4906.0,4905.0,-0.001405384913606945,0.0,0.0,0.0013756279466066643,0.0,1.203095389282877e-07,0.0007917607867255559,6.268851433962712e-07,0.00040269272979667645,0.0,0.000371229522236065,5.078125,1.8482589361516885e-05,1.4873461683131402e-09,0.000371229522236065,3.243197795323709e-06,2
4.800048424572784,3733.0,3734.0,-0.019281574389009296,0.0,0.0,0.021556184532667316,0.0,8.343850660997239e-08,0.013105011140373875,0.0001717413169893234,0.006314063452356687,0.0,0.006605549756754094,41.796875,0.0002718550434605393,4.240057650142294e-07,0.006605549756754094,0.00016777928486355463,2
4.800048424572784,5560.0,5559.0,-0.022515025998262755,0.0,0.0,0.022544106063098802,0.0,5.0353037145124944e-08,0.012641428972362418,0.00015980572646328393,0.006785679777717714,0.0,0.011915148295548725,41.796875,0.0002031105867869086,4.2060004156095766e-07,0.011915148295548725,0.0011034025755782878,2
4.800048424572784,5265.0,5266.0,-0.0021538041809381187,0.0,0.0,0.0023123795946168517,0.0,3.8748767374655875e-08,0.0014473264110866151,2.0947537402288617e-06,0.0006855915442406762,0.0,0.0008278426820047751,51.953125,3.365726780131617e-05,4.951585417396725e-09,0.0008278426820047751,1.926489112653739e-06,2
3.167059235004331,2732.0,2731.0,-0.01809438049127755,0.0,0.0,0.018267590494702803,0.0,2.7702753619303533e-06,0.010379440361740681,0.00010773278222293152,0.004400030774731616,0.0,0.00944175414771332,36.328125,0.0001540532641597629,2.870443952883457e-07,0.00944175414771332,0.0013763743454602967,2
3.1670592350043303,3195.0,3195.0,-0.019350141839178422,0.0,0.0,0.019120658450633002,0.0,-1.1271229567924641e-07,0.010020516454412919,0.00010041075001316007,0.004495188365821471,0.0,0.01173378556678679,36.328125,0.00011672041355017671,2.7749383971781985e-07,0.01173378556678679,0.0017443889684636078,2
3.167059235004331,3716.0,3717.0,-0.0014458264878149502,0.0,0.0,0.0014748434153696835,0.0,2.9115905532619835e-07,0.000921107226503073,8.484385227161835e-07,0.00037020267554475103,0.0,0.0005404399654666093,53.515625,1.7959385760554744e-05,2.1353815493305443e-09,0.0005404399654666093,3.1398454288079373e-06,2
2.615382406925688,2256.0,2257.0,-0.01622238203163816,0.0,0.0,0.015803096357084444,0.0,4.553014606429058e-07,0.009387389395474538,8.81230796622678e-05,0.0036436149414696604,0.0,0.010506621526970511,34.765625,0.00011957913438838359,2.4517120098975596e-07,0.010506621526970511,0.0007094667826535319,2
2.615382406925688,2539.0,2539.0,-0.0169075363934308,0.0,0.0,0.016540377844422954,0.0,-4.555696733198757e-07,0.00862050915333655,7.431317806275926e-05,0.003538462572132911,0.0,0.01182690107634729,35.15625,8.584766767529317e-05,2.1119444579369955e-07,0.01182690107634729,0.0007461422918802921,2
2.615382406925688,3018.0,3019.0,-0.0009733211160008956,0.0,0.0,0.0009914952915319611,0.0,1.6812754711991676e-07,0.0006802116117228394,4.626878367225828e-07,0.00024374726015307172,0.0,0.0004091772554671444,56.25,1.2046159316156079e-05,1.224370941921309e-09,0.0004091772554671444,1.1070912060193492e-06,2
4.078633754005253,5223.0,5223.0,-0.018883896768631815,0.0,0.0,0.018627702304818205,0.0,-1.8841594007390014e-07,0.0095207144080937,9.0644002840483e-05,0.004912351386570734,0.0,0.010456037172935263,47.265625,0.0001158445621722611,2.5072723829917903e-07,0.010456037172935263,0.00105063791088972,2
4.078633754005253,3512.0,3513.0,-0.013447093758771431,0.0,0.0,0.013828838532939258,0.0,9.670976480046694e-07,0.007540248214405956,5.68553431348522e-05,0.0036482873920773455,0.0,0.004641420794464515,47.265625,0.00013895270310411773,1.4412793068192758e-07,0.004641420794464515,0.0002844370385984519,2
4.078633754005253,3244.0,3245.0,-0.0022559856068804685,0.0,0.0,0.0023149558031775115,0.0,3.3308901751623265e-07,0.001258832076713487,1.5846581973627905e-06,0.0006095327027543569,0.0,0.0007073561705714158,47.265625,2.4169428446527786e-05,3.965205126254745e-09,0.0007073561705714158,8.551147614934e-06,2
4.889691592470315,6212.0,6212.0,-0.020263297395757048,0.0,0.0,0.02036688955782924,0.0,-4.9893882730819284e-08,0.010653253339130388,0.00011349180670769278,0.006026991687391956,0.0,0.010709409355170979,46.09375,0.00014149377000276467,3.0851172092199345e-07,0.010709409355170979,0.0016048617761936293,2
4.889691592470315,4205.0,4204.0,-0.01503656943990727,0.0,0.0,0.015813321571094874,0.0,1.3863072971770096e-06,0.008760913674890727,7.675360841888734e-05,0.004597878575526063,0.0,0.004951839455058505,46.09375,0.00017436970488163736,1.908451752245937e-07,0.004951839455058505,0.00036967920889407086,2
4.889691592470315,4172.0,4171.0,-0.0023347896090380603,0.0,0.0,0.0024521375599131524,0.0,3.5729932838673645e-07,0.0013546803739584734,1.8351589155882692e-06,0.0007051007017729478,0.0,0.0008161747502616073,14.0625,2.8184210318603153e-05,4.4934096263321185e-09,0.0008161747502616073,4.153577494850074e-06,2
4.800048424572784,3119.0,3120.0,-0.010150086315385753,0.0,0.0,0.010251104520030049,0.0,6.910178753931074e-07,0.007967323207655481,6.347823909524563e-05,0.0033881209593644426,0.0,0.009483940140458115,20.3125,0.00012131579668350889,1.6419550745201737e-07,0.009483940140458115,0.0001433898879283623,2
4.800048424572784,5180.0,5179.0,-0.00867543998518908,0.0,0.0,0.008657586823177325,0.0,1.2821419045306992e-08,0.005847073595713415,3.4188269633689e-05,0.0027662941963067234,0.0,0.006511257479689074,37.5,9.187114211297708e-05,8.90890179699182e-08,0.006511257479689074,0.00017711639604057084,2
4.800048424572784,6721.0,6722.0,-0.0011689132149329757,0.0,0.0,0.0011727708876893604,0.0,3.79353017786503e-08,0.0007055848944279628,4.978500432449193e-07,0.00035007075721224767,0.0,0.0006048547793052555,52.734375,1.4600773912831458e-05,1.240182834750345e-09,0.0006048547793052555,3.574867953665154e-07,2
4.800048424572784,3119.0,3120.0,-0.010150086315385753,0.0,0.0,0.010251104520030049,0.0,6.910178753931074e-07,0.007967323207655481,6.347823909524563e-05,0.0033881209593644426,0.0,0.009483940140458115,20.3125,0.00012131579668350889,1.6419550745201737e-07,0.009483940140458115,0.0001433898879283623,2
4.800048424572784,5180.0,5179.0,-0.00867543998518908,0.0,0.0,0.008657586823177325,0.0,1.2821419045306992e-08,0.005847073595713415,3.4188269633689e-05,0.0027662941963067234,0.0,0.006511257479689074,37.5,9.187114211297708e-05,8.90890179699182e-08,0.006511257479689074,0.00017711639604057084,2
4.800048424572784,6721.0,6722.0,-0.0011689132149329757,0.0,0.0,0.0011727708876893604,0.0,3.79353017786503e-08,0.0007055848944279628,4.978500432449193e-07,0.00035007075721224767,0.0,0.0006048547793052555,52.734375,1.4600773912831458e-05,1.240182834750345e-09,0.0006048547793052555,3.574867953665154e-07,2
2.7075609573669297,3104.0,3103.0,-0.006156266716114074,0.0,0.0,0.006205930614825636,0.0,1.0408857042288889e-07,0.0036477442049363995,1.3306037784647084e-05,0.0014361600563363324,0.0,0.003788275050318245,39.453125,4.243117860609315e-05,3.706195788769469e-08,0.003788275050318245,6.038988849105873e-05,2
2.7075609573669297,2320.0,2321.0,-0.004802257575591662,0.0,0.0,0.004827374422883336,0.0,3.1407276260368135e-07,0.002924110439595625,8.550421862952118e-06,0.001142502258825634,0.0,0.0032010507286463303,2.734375,4.121724635951206e-05,2.3193433795413966e-08,0.0032010507286463303,3.347323679526822e-05,2
2.7075609573669297,2621.0,2622.0,-0.0008690200904856191,0.0,0.0,0.0008812865175922645,0.0,3.461564498597188e-08,0.0005328916502802148,2.839735109383708e-07,0.00020792652109052738,0.0,0.0007197517135307327,2.734375,8.406483861094282e-06,7.581014223343939e-10,0.0007197517135307327,8.419382195310846e-07,2
1.9676491964078306,1586.0,1587.0,-0.003826368868665703,0.0,0.0,0.003466470598641755,0.0,2.7826889197787965e-07,0.0026816895087540898,7.191458621361752e-06,0.0008927669557356358,0.0,0.0036803140654871514,33.984375,2.9236938488163585e-05,2.0188473215101446e-08,0.0036803140654871514,4.7440893572613445e-05,2
1.9676491964078306,1961.0,1961.0,-0.003650983249363831,0.0,0.0,0.0035939601248193348,0.0,-6.892349704993395e-08,0.0024395464048268564,5.951386661303641e-06,0.0008338997563310207,0.0,0.003855026482797425,33.984375,2.6030029906866202e-05,1.6722083539306707e-08,0.003855026482797425,6.0351666441053065e-05,2
1.9676491964078306,2914.0,2915.0,-0.0005032749234413107,0.0,0.0,0.0005002185125865234,0.0,5.0673344464364264e-08,0.00039516294964174735,1.5615375676956617e-07,0.00012793369312947875,0.0,0.0003437806739909721,58.984375,5.390201503770077e-06,4.27141919454179e-10,0.0003437806739909721,1.8132774304289874e-06,2
2.3383070965378114,1759.0,1759.0,-0.0051049423976698115,0.0,0.0,0.004758822219038286,0.0,-1.655500465020582e-06,0.0031270552912596294,9.778474794594845e-06,0.0011476205762468515,0.0,0.003739364466900609,33.203125,3.7423424398723654e-05,2.662090640672177e-08,0.003739364466900609,3.765778275725562e-05,2
2.3383070965378114,2330.0,2329.0,-0.004428752547236171,0.0,0.0,0.004458394317958342,0.0,9.497043027366721e-08,0.00267164404165342,7.13768188530222e-06,0.0009929547468511722,0.0,0.0037096242108461586,33.203125,3.137988783683341e-05,1.93250900760964e-08,0.0037096242108461586,8.026998551810166e-05,2
2.3383070965378114,3297.0,3297.0,-0.0005998053649582662,0.0,0.0,0.0005955632037011738,0.0,-1.1869372615891674e-07,0.00042835292298196886,1.8348622662719656e-07,0.0001476327437756192,0.0,0.0003468379647307397,57.8125,6.10135900810396e-06,4.708400984122298e-10,0.0003468379647307397,1.4392528077609178e-06,2
2.3383070965378114,1759.0,1759.0,-0.0051049423976698115,0.0,0.0,0.004758822219038286,0.0,-1.655500465020582e-06,0.0031270552912596294,9.778474794594845e-06,0.0011476205762468515,0.0,0.003739364466900609,33.203125,3.7423424398723654e-05,2.662090640672177e-08,0.003739364466900609,3.765778275725562e-05,2
2.3383070965378114,2330.0,2329.0,-0.004428752547236171,0.0,0.0,0.004458394317958342,0.0,9.497043027366721e-08,0.00267164404165342,7.13768188530222e-06,0.0009929547468511722,0.0,0.0037096242108461586,33.203125,3.137988783683341e-05,1.93250900760964e-08,0.0037096242108461586,8.026998551810166e-05,2
2.3383070965378114,3297.0,3297.0,-0.0005998053649582662,0.0,0.0,0.0005955632037011738,0.0,-1.1869372615891674e-07,0.00042835292298196886,1.8348622662719656e-07,0.0001476327437756192,0.0,0.0003468379647307397,57.8125,6.10135900810396e-06,4.708400984122298e-10,0.0003468379647307397,1.4392528077609178e-06,2
2.3383070965378114,1759.0,1759.0,-0.0051049423976698115,0.0,0.0,0.004758822219038286,0.0,-1.655500465020582e-06,0.0031270552912596294,9.778474794594845e-06,0.0011476205762468515,0.0,0.003739364466900609,33.203125,3.7423424398723654e-05,2.662090640672177e-08,0.003739364466900609,3.765778275725562e-05,2
2.3383070965378114,2330.0,2329.0,-0.004428752547236171,0.0,0.0,0.004458394317958342,0.0,9.497043027366721e-08,0.00267164404165342,7.13768188530222e-06,0.0009929547468511722,0.0,0.0037096242108461586,33.203125,3.137988783683341e-05,1.93250900760964e-08,0.0037096242108461586,8.026998551810166e-05,2
2.3383070965378114,3297.0,3297.0,-0.0005998053649582662,0.0,0.0,0.0005955632037011738,0.0,-1.1869372615891674e-07,0.00042835292298196886,1.8348622662719656e-07,0.0001476327437756192,0.0,0.0003468379647307397,57.8125,6.10135900810396e-06,4.708400984122298e-10,0.0003468379647307397,1.4392528077609178e-06,2
7.957385363222253,5262.0,5262.0,-0.021906799673765735,-0.005804367472466167,0.006663093044498435,0.02603709547809195,0.0,-6.985933220970503e-07,0.0191247737562336,0.00036575697122712147,0.010370266740868129,0.0,0.009302174959539843,5.859375,0.0005132497527206355,7.98866137660961e-07,0.009302174959539843,0.0011865757061473852,3
7.957385363222253,9003.0,9003.0,-0.024713058093693615,-0.008909335585308044,0.00901498016191312,0.025302721755794365,0.0,-2.6089169523096615e-08,0.016835856091672364,0.00028344605033950147,0.011187803300542335,0.0,0.01171080601519094,45.3125,0.0003808600689221233,6.772130527942515e-07,0.01171080601519094,0.0005589938021317465,3
7.957385363222253,9256.0,9256.0,-0.0034568763801974536,-0.0009898926573266662,0.0010353717819936098,0.0036295958291336543,0.0,-5.557784930811551e-08,0.002465992942311126,6.081121191528284e-06,0.0015036635614262472,0.0,0.001256632800248952,45.3125,6.749586992239027e-05,1.3089083216827122e-08,0.001256632800248952,1.1799960614838426e-05,3
7.957385363222253,5262.0,5262.0,-0.021906799673765735,-0.005804367472466167,0.006663093044498435,0.02603709547809195,0.0,-6.985933220970503e-07,0.0191247737562336,0.00036575697122712147,0.010370266740868129,0.0,0.009302174959539843,5.859375,0.0005132497527206355,7.98866137660961e-07,0.009302174959539843,0.0011865757061473852,3
7.957385363222253,9003.0,9003.0,-0.024713058093693615,-0.008909335585308044,0.00901498016191312,0.025302721755794365,0.0,-2.6089169523096615e-08,0.016835856091672364,0.00028344605033950147,0.011187803300542335,0.0,0.01171080601519094,45.3125,0.0003808600689221233,6.772130527942515e-07,0.01171080601519094,0.0005589938021317465,3
7.957385363222253,9256.0,9256.0,-0.0034568763801974536,-0.0009898926573266662,0.0010353717819936098,0.0036295958291336543,0.0,-5.557784930811551e-08,0.002465992942311126,6.081121191528284e-06,0.0015036635614262472,0.0,0.001256632800248952,45.3125,6.749586992239027e-05,1.3089083216827122e-08,0.001256632800248952,1.1799960614838426e-05,3
7.957385363222253,5262.0,5262.0,-0.021906799673765735,-0.005804367472466167,0.006663093044498435,0.02603709547809195,0.0,-6.985933220970503e-07,0.0191247737562336,0.00036575697122712147,0.010370266740868129,0.0,0.009302174959539843,5.859375,0.0005132497527206355,7.98866137660961e-07,0.009302174959539843,0.0011865757061473852,3
7.957385363222253,9003.0,9003.0,-0.024713058093693615,-0.008909335585308044,0.00901498016191312,0.025302721755794365,0.0,-2.6089169523096615e-08,0.016835856091672364,0.00028344605033950147,0.011187803300542335,0.0,0.01171080601519094,45.3125,0.0003808600689221233,6.772130527942515e-07,0.01171080601519094,0.0005589938021317465,3
7.957385363222253,9256.0,9256.0,-0.0034568763801974536,-0.0009898926573266662,0.0010353717819936098,0.0036295958291336543,0.0,-5.557784930811551e-08,0.002465992942311126,6.081121191528284e-06,0.0015036635614262472,0.0,0.001256632800248952,45.3125,6.749586992239027e-05,1.3089083216827122e-08,0.001256632800248952,1.1799960614838426e-05,3
7.957385363222253,5262.0,5262.0,-0.021906799673765735,-0.005804367472466167,0.006663093044498435,0.02603709547809195,0.0,-6.985933220970503e-07,0.0191247737562336,0.00036575697122712147,0.010370266740868129,0.0,0.009302174959539843,5.859375,0.0005132497527206355,7.98866137660961e-07,0.009302174959539843,0.0011865757061473852,3
7.957385363222253,9003.0,9003.0,-0.024713058093693615,-0.008909335585308044,0.00901498016191312,0.025302721755794365,0.0,-2.6089169523096615e-08,0.016835856091672364,0.00028344605033950147,0.011187803300542335,0.0,0.01171080601519094,45.3125,0.0003808600689221233,6.772130527942515e-07,0.01171080601519094,0.0005589938021317465,3
7.957385363222253,9256.0,9256.0,-0.0034568763801974536,-0.0009898926573266662,0.0010353717819936098,0.0036295958291336543,0.0,-5.557784930811551e-08,0.002465992942311126,6.081121191528284e-06,0.0015036635614262472,0.0,0.001256632800248952,45.3125,6.749586992239027e-05,1.3089083216827122e-08,0.001256632800248952,1.1799960614838426e-05,3
7.957385363222253,5262.0,5262.0,-0.021906799673765735,-0.005804367472466167,0.006663093044498435,0.02603709547809195,0.0,-6.985933220970503e-07,0.0191247737562336,0.00036575697122712147,0.010370266740868129,0.0,0.009302174959539843,5.859375,0.0005132497527206355,7.98866137660961e-07,0.009302174959539843,0.0011865757061473852,3
7.957385363222253,9003.0,9003.0,-0.024713058093693615,-0.008909335585308044,0.00901498016191312,0.025302721755794365,0.0,-2.6089169523096615e-08,0.016835856091672364,0.00028344605033950147,0.011187803300542335,0.0,0.01171080601519094,45.3125,0.0003808600689221233,6.772130527942515e-07,0.01171080601519094,0.0005589938021317465,3
7.957385363222253,9256.0,9256.0,-0.0034568763801974536,-0.0009898926573266662,0.0010353717819936098,0.0036295958291336543,0.0,-5.557784930811551e-08,0.002465992942311126,6.081121191528284e-06,0.0015036635614262472,0.0,0.001256632800248952,45.3125,6.749586992239027e-05,1.3089083216827122e-08,0.001256632800248952,1.1799960614838426e-05,3
7.957385363222253,5262.0,5262.0,-0.021906799673765735,-0.005804367472466167,0.006663093044498435,0.02603709547809195,0.0,-6.985933220970503e-07,0.0191247737562336,0.00036575697122712147,0.010370266740868129,0.0,0.009302174959539843,5.859375,0.0005132497527206355,7.98866137660961e-07,0.009302174959539843,0.0011865757061473852,3
7.957385363222253,9003.0,9003.0,-0.024713058093693615,-0.008909335585308044,0.00901498016191312,0.025302721755794365,0.0,-2.6089169523096615e-08,0.016835856091672364,0.00028344605033950147,0.011187803300542335,0.0,0.01171080601519094,45.3125,0.0003808600689221233,6.772130527942515e-07,0.01171080601519094,0.0005589938021317465,3
7.957385363222253,9256.0,9256.0,-0.0034568763801974536,-0.0009898926573266662,0.0010353717819936098,0.0036295958291336543,0.0,-5.557784930811551e-08,0.002465992942311126,6.081121191528284e-06,0.0015036635614262472,0.0,0.001256632800248952,45.3125,6.749586992239027e-05,1.3089083216827122e-08,0.001256632800248952,1.1799960614838426e-05,3
7.957385363222253,5262.0,5262.0,-0.021906799673765735,-0.005804367472466167,0.006663093044498435,0.02603709547809195,0.0,-6.985933220970503e-07,0.0191247737562336,0.00036575697122712147,0.010370266740868129,0.0,0.009302174959539843,5.859375,0.0005132497527206355,7.98866137660961e-07,0.009302174959539843,0.0011865757061473852,3
7.957385363222253,9003.0,9003.0,-0.024713058093693615,-0.008909335585308044,0.00901498016191312,0.025302721755794365,0.0,-2.6089169523096615e-08,0.016835856091672364,0.00028344605033950147,0.011187803300542335,0.0,0.01171080601519094,45.3125,0.0003808600689221233,6.772130527942515e-07,0.01171080601519094,0.0005589938021317465,3
7.957385363222253,9256.0,9256.0,-0.0034568763801974536,-0.0009898926573266662,0.0010353717819936098,0.0036295958291336543,0.0,-5.557784930811551e-08,0.002465992942311126,6.081121191528284e-06,0.0015036635614262472,0.0,0.001256632800248952,45.3125,6.749586992239027e-05,1.3089083216827122e-08,0.001256632800248952,1.1799960614838426e-05,3
7.957385363222253,5262.0,5262.0,-0.021906799673765735,-0.005804367472466167,0.006663093044498435,0.02603709547809195,0.0,-6.985933220970503e-07,0.0191247737562336,0.00036575697122712147,0.010370266740868129,0.0,0.009302174959539843,5.859375,0.0005132497527206355,7.98866137660961e-07,0.009302174959539843,0.0011865757061473852,3
7.957385363222253,9003.0,9003.0,-0.024713058093693615,-0.008909335585308044,0.00901498016191312,0.025302721755794365,0.0,-2.6089169523096615e-08,0.016835856091672364,0.00028344605033950147,0.011187803300542335,0.0,0.01171080601519094,45.3125,0.0003808600689221233,6.772130527942515e-07,0.01171080601519094,0.0005589938021317465,3
7.957385363222253,9256.0,9256.0,-0.0034568763801974536,-0.0009898926573266662,0.0010353717819936098,0.0036295958291336543,0.0,-5.557784930811551e-08,0.002465992942311126,6.081121191528284e-06,0.0015036635614262472,0.0,0.001256632800248952,45.3125,6.749586992239027e-05,1.3089083216827122e-08,0.001256632800248952,1.1799960614838426e-05,3
6.628158196871243,1366.0,1363.0,-0.023647603606299143,-0.0024064947279848333,0.0018888491915144674,0.024111431590045057,0.0,2.1934450628117225e-06,0.020315066027132758,0.00041270190768676355,0.008857251511797861,0.0,0.038644340455237555,1.5625,0.0001533205200395334,1.1261279725200987e-06,0.038644340455237555,0.007053259193304373,3
6.628158196871243,5787.0,5787.0,-0.002683503295670786,-0.00047040488143632926,0.0004414107305820343,0.0027052541605986093,0.0,-6.092003386060533e-08,0.0015052259031694635,2.265705019572327e-06,0.0009415192205132199,0.0,0.0008578339907146918,27.34375,3.6654847136819825e-05,5.183035978560933e-09,0.0008578339907146918,8.256000642411939e-06,3
6.628158196871243,7952.0,7951.0,-0.0004834728021722422,-7.916215891700716e-05,7.955970737991731e-05,0.0004823775395224511,0.0,1.1289446855113083e-08,0.0002697683673125963,7.277497200250387e-08,0.00016800697185917162,0.0,0.00010949297342253378,47.65625,6.7417539633394175e-06,1.6574504061694002e-10,0.00010949297342253378,1.347465468440463e-07,3
4.148097115050649,507.0,507.0,-0.026572243811709945,0.0,0.0,0.02792621313237221,0.0,-5.522506817609947e-07,0.021550986288238247,0.0004644450099958329,0.008343161287974835,0.0,0.04169228573667915,2.734375,0.00012528981175224328,1.327397293326141e-06,0.04169228573667915,0.0029488642179267372,3
4.148097115050649,3538.0,3537.0,-0.0015100581394363439,0.0,0.0,0.0014964039402258866,0.0,1.7243361402933927e-08,0.0008378598441127013,7.020091183765602e-07,0.0004091952490636096,0.0,0.00046010367690214226,26.953125,1.6491358944115104e-05,1.753553999877996e-09,0.00046010367690214226,2.041021314386395e-06,3
4.14809711505065,4832.0,4833.0,-0.00026739177946125207,0.0,0.0,0.00026538293962671816,0.0,1.5100588733291749e-09,0.0001451731289507093,2.107523736933927e-08,7.128735473081406e-05,0.0,7.591096596060626e-05,51.171875,2.8804149246778965e-06,5.1995100469985526e-11,7.591096596060626e-05,4.037174227785264e-08,3
6.043531025918658,794.0,795.0,-0.026580920283145664,-0.001504117727763495,0.0018406431455800995,0.027825909748102628,0.0,2.3656590282095227e-08,0.01817571950734336,0.000330356779609622,0.008934648081345361,0.0,0.027712798205036162,2.734375,0.00016207987734171382,9.406410785296756e-07,0.027712798205036162,0.004400535714308247,3
6.043531025918658,5245.0,5245.0,-0.001962650055887355,-0.0001888650781267602,0.00018469212934763511,0.0019400805137185617,0.0,-7.643870672136953e-08,0.0010900680077748587,1.1882482615742493e-06,0.0006472625670177455,0.0,0.0005932392521003362,26.953125,2.672211857680407e-05,2.7653085712991685e-09,0.0005932392521003362,1.7737783798673817e-06,3
6.043531025918658,7200.0,7200.0,-0.0003506412029074477,-3.5703444472957754e-05,3.307885058008587e-05,0.000349696197716415,0.0,-4.367860567066132e-09,0.00019423958100120103,3.7729014827522137e-08,0.00011581490398465873,0.0,8.271302191119339e-05,50.78125,4.689837277471632e-06,8.790679419558014e-11,8.271302191119339e-05,3.614820953148072e-08,3
7.864375701102691,1558.0,1557.0,-0.017327515736561258,-0.003452069338027003,0.0034163325976449164,0.0174768588067646,0.0,2.5042142109975585e-06,0.01127086162482807,0.00012703232176602204,0.0065856830796393595,0.0,0.024378892039530198,1.5625,0.00014645730672639177,3.5501017103749655e-07,0.024378892039530198,0.0018533859960152537,3
7.864375701102691,7041.0,7041.0,-0.0024953879787753233,-0.0006652692298792129,0.0006779042187132789,0.002465234780227919,0.0,-5.924043803019361e-08,0.00143378917953306,2.0557514113460857e-06,0.0009727474745290337,0.0,0.0005862521865390879,40.625,3.958544341875964e-05,4.372550064320845e-09,0.0005862521865390879,2.2480789816897025e-06,3
7.864375701102691,9606.0,9606.0,-0.0004454480559892572,-0.00012041021185944708,0.00012018905800470157,0.00044440210770265907,0.0,-1.6452633245148743e-09,0.00025743622003232433,6.627340738453131e-08,0.00017418202834977104,0.0,0.00010379398085447566,40.625,6.970184054321121e-06,1.432012415230904e-10,0.00010379398085447566,4.2674462764431284e-08,3
1.7848124995602885,386.0,383.0,-0.0032611616923082197,0.0,0.0,0.0036803284089221514,0.0,1.195952004910512e-05,0.026776693290736748,0.0007169913035861864,0.005880035769582799,0.0,0.04780701469898957,1.953125,0.00012056273343142215,2.046578183358261e-06,0.04780701469898957,0.00695164775365491,3
1.7848124995602885,1223.0,1223.0,-0.0007212373407288031,0.0,0.0,0.0007644345000230662,0.0,-2.8041749087363345e-08,0.0008197932771273212,6.720610172231529e-07,0.0002324081511643347,0.0,0.001113605330733205,11.71875,9.265864927194626e-06,1.895541889400608e-09,0.001113605330733205,2.7869773178057726e-06,3
1.7848124995602885,2044.0,2044.0,-0.00010006288494747223,0.0,0.0,0.00010000913083921495,0.0,-8.699186911482808e-11,0.00012804343018524858,1.6395120013604627e-08,2.6531167431068336e-05,0.0,0.00011633006729371953,100.0,1.4762859269109366e-06,5.5158157929446873e-11,0.00011633006729371953,9.696316290668138e-07,3
3.9452722789439045,434.0,434.0,-0.028754126954554506,0.0,0.0,0.028454546445085705,0.0,-4.455969323385934e-06,0.020258637273506148,0.00041041238417949266,0.008414006837409315,0.0,0.03227379057171321,2.734375,0.00015663870858521455,1.152130948552174e-06,0.03227379057171321,0.0041363726757051135,3
3.9452722789439045,3268.0,3269.0,-0.0016047011420323046,0.0,0.0,0.0015917414108556525,0.0,1.2592541850303925e-07,0.000890380971229984,7.927782739284497e-07,0.0004218232261581909,0.0,0.00039360344268138305,27.734375,1.8231964438128093e-05,1.966491694274708e-09,0.00039360344268138305,4.654778291638979e-07,3
3.9452722789439045,4657.0,4657.0,-0.000275492670164879,0.0,0.0,0.00027945018369067843,0.0,-3.6345772030537715e-08,0.00015619179770185362,2.4395877669336767e-08,7.36568064693362e-05,0.0,7.338505947638277e-05,49.21875,3.06302833420769e-06,6.133293707319233e-11,7.338505947638277e-05,3.3536528794201616e-08,3
3.9452722789439045,660.0,659.0,-0.014722054538325775,0.0,0.0,0.014330755798521085,0.0,2.0992527336698374e-06,0.008937813454596663,7.988450934916915e-05,0.004015933353830529,0.0,0.012281118619986129,2.34375,8.923141183963005e-05,2.1908994747227506e-07,0.012281118619986129,0.000839979736884261,3
3.9452722789439045,3397.0,3397.0,-0.002381201722958734,0.0,0.0,0.002397011929771391,0.0,-7.035592143191798e-08,0.0013362887436143616,1.7856676063104494e-06,0.000635960810346837,0.0,0.0008919374743835499,27.734375,2.523011304287887e-05,4.516061987020407e-09,0.0008919374743835499,6.534295687211901e-06,3
3.9452722789439045,4592.0,4591.0,-0.00040150651047632407,0.0,0.0,0.0003971970510988892,0.0,2.2027685902947695e-09,0.00022091179753514986,4.880202229021105e-08,0.0001050561668325971,0.0,0.00014233543179079496,46.875,4.1814267397671205e-06,1.2264792433041438e-10,0.00014233543179079496,1.261480905279406e-07,3
7.957385363222253,1465.0,1463.0,-0.020512013238722066,-0.004855778246802421,0.00491526874101608,0.01988991265590265,0.0,-5.783316134500604e-06,0.012191719892830664,0.00014863803394524292,0.007840270990472274,0.0,0.014069026458543943,4.6875,0.00017611541523434543,3.916630431388043e-07,0.014069026458543943,0.001080960664780066,3
7.957385363222253,6810.0,6811.0,-0.0027066304093364556,-0.0007764040025754004,0.0007887095183580371,0.002698573608163406,0.0,8.389269047081642e-08,0.0015635881289227157,2.444807836908039e-06,0.0010794113741384938,0.0,0.000640221660792702,26.5625,4.321786011964294e-05,5.198168352353693e-09,0.000640221660792702,1.317882510366291e-06,3
7.957385363222253,9573.0,9572.0,-0.0004317593465066952,-0.0001227796691615699,0.00012348694260185558,0.00043382048862923475,0.0,1.5815936126960592e-09,0.0002498530068806658,6.242652504731004e-08,0.00017205957350558616,0.0,0.00010156995911487003,52.34375,6.971423962410204e-06,1.3226642019765473e-10,0.00010156995911487003,7.157035722158555e-08,3
7.957385363222253,1465.0,1463.0,-0.020512013238722066,-0.004855778246802421,0.00491526874101608,0.01988991265590265,0.0,-5.783316134500604e-06,0.012191719892830664,0.00014863803394524292,0.007840270990472274,0.0,0.014069026458543943,4.6875,0.00017611541523434543,3.916630431388043e-07,0.014069026458543943,0.001080960664780066,3
7.957385363222253,6810.0,6811.0,-0.0027066304093364556,-0.0007764040025754004,0.0007887095183580371,0.002698573608163406,0.0,8.389269047081642e-08,0.0015635881289227157,2.444807836908039e-06,0.0010794113741384938,0.0,0.000640221660792702,26.5625,4.321786011964294e-05,5.198168352353693e-09,0.000640221660792702,1.317882510366291e-06,3
7.957385363222253,9573.0,9572.0,-0.0004317593465066952,-0.0001227796691615699,0.00012348694260185558,0.00043382048862923475,0.0,1.5815936126960592e-09,0.0002498530068806658,6.242652504731004e-08,0.00017205957350558616,0.0,0.00010156995911487003,52.34375,6.971423962410204e-06,1.3226642019765473e-10,0.00010156995911487003,7.157035722158555e-08,3
8.14234246983354,2232.0,2231.0,-0.015675420728842177,-0.003520082050510651,0.00351572826945226,0.015633668117530836,0.0,2.2560894548185825e-07,0.009728056833937354,9.463508976431525e-05,0.00601043630890883,0.0,0.010833837820845862,4.296875,0.00016471078973191312,2.4925044554783784e-07,0.010833837820845862,0.0012255790185055143,3
8.14234246983354,7320.0,7321.0,-0.003425522169039128,-0.000988766447694276,0.0010178394204519662,0.0033802845097329354,0.0,2.6174805630935382e-08,0.0019777342102627804,3.911432606443743e-06,0.001372514698710326,0.0,0.0009183509793861993,26.171875,5.4348548521410024e-05,8.273812617042185e-09,0.0009183509793861993,9.915716657692313e-06,3
8.14234246983354,9895.0,9895.0,-0.0005641286680122932,-0.0001573074479554671,0.00015898198133079035,0.0005607042968007333,0.0,-1.143626141755384e-08,0.0003311624946159454,1.0966859784025607e-07,0.00022562833999460524,0.0,0.000148261097132874,47.65625,9.009596200652939e-06,2.333084319375606e-10,0.000148261097132874,3.6729866350005695e-07,3
9.947636064692734,2257.0,2257.0,-0.08596692312534979,-0.00516136116012894,0.00492293822240534,0.08644538069952107,0.0,-7.774043100923265e-08,0.07375646058377809,0.00544001547784641,0.030454073670794543,0.0,0.15622982557361823,4.6875,0.0006586627121805423,1.5626631818085795e-05,0.15622982557361823,0.0314707360812188,3
9.947636064692734,8310.0,8311.0,-0.005005864903904987,-0.0009868622255444922,0.0009828284270685921,0.005138675348412137,0.0,3.430808076285375e-08,0.0052269829123778,2.7321350366289504e-05,0.0023480455517091085,0.0,0.006631204144729946,26.5625,8.504914441859413e-05,7.238656624088209e-08,0.006631204144729946,0.00016095309110432051,3
9.947636064692734,12035.0,12035.0,-0.0004777505260187894,-0.00015506934200870445,0.00015371929896990574,0.0004778021833876213,0.0,-1.8901597416569264e-09,0.00036172543916350707,1.3084529333803204e-07,0.00022758066201022486,0.0,0.0003815830668939606,26.5625,9.296507957114364e-06,2.912078899932938e-10,0.0003815830668939606,8.365610141591355e-07,3
6.434147508190596,1734.0,1735.0,-0.015092872220480788,-0.0012657679413162171,0.0013292877639955408,0.014674633985955856,0.0,2.658673233732986e-06,0.012813825999821657,0.00016419413675370547,0.005544063215593605,0.0,0.028823865893979773,4.6875,0.00013866866389232682,4.4936937245707497e-07,0.028823865893979773,0.0028740706899278747,3
6.4341475081905966,5611.0,5611.0,-0.002866280180120139,-0.00037838312441688796,0.00041177921184896613,0.0028529669593551623,0.0,-5.3978037676270785e-08,0.0017123679412669318,2.9322039662787503e-06,0.0010041736119314366,0.0,0.0019730990548827996,27.34375,3.945839530335772e-05,6.864278463015894e-09,0.0019730990548827996,1.0432296889729834e-05,3
6.4341475081905966,7731.0,7731.0,-0.0004784090382539511,-6.784625148214834e-05,7.05772867130127e-05,0.0004812975230399379,0.0,-5.852150456139606e-09,0.0002769762328822296,7.671583358163111e-08,0.00016617591823074013,0.0,0.00013783649011870358,50.390625,6.7458277829186784e-06,1.7521693516183097e-10,0.00013783649011870358,1.4244169359745447e-07,3
10.208616538591631,3310.0,3310.0,-0.02232528986400326,-0.0048365807914232,0.004834166055132205,0.02236421240658702,-3.79159685445218e-05,2.399427044266481e-07,0.015096583890440295,0.00022790684516110142,0.008950024982192249,2.7336399357061575e-12,0.024714845223662664,3.90625,0.0002340761582619498,5.98010456773153e-07,0.024714845223662664,0.00010298038793557186,3
10.208616538591631,9578.0,9578.0,-0.003927513961989167,-0.001596300455076733,0.0016100668223054857,0.003900957047887829,6.02930493737498e-06,2.880234393387684e-07,0.0024118933313167735,5.817229441650323e-06,0.0019048986815691526,4.202580629011259e-12,0.0015390619297315344,25.78125,7.427191569401967e-05,1.137148782257016e-08,0.0015390619297315344,1.1606727812026813e-05,3
10.208616538591631,12764.0,12764.0,-0.0006530687686345655,-0.00025772765644461776,0.00026081978503139696,0.0006483205502646372,4.478073911044379e-07,-6.279109064422067e-09,0.00039693950943175347,1.575609741479211e-07,0.00031292376275161377,1.694271587989512e-13,0.00015490399244837114,50.390625,1.243739211385375e-05,3.0164225327315306e-10,0.00015490399244837114,6.225801453260742e-07,3
